--------------------------------------------------------
-- Archivo creado  - domingo-septiembre-15-2019   
--------------------------------------------------------
--------------------------------------------------------
--  DDL for Table EMPLEADO
--------------------------------------------------------

  CREATE TABLE "INVENTARIO"."EMPLEADO" 
   (	"CODIEMPL" NUMBER(*,0), 
	"DNIEMPL" CHAR(8 BYTE), 
	"APELEMPL" VARCHAR2(30 BYTE), 
	"APELMATE" VARCHAR2(30 BYTE), 
	"NOMBEMPL" VARCHAR2(50 BYTE), 
	"CUENEMPL" VARCHAR2(30 BYTE), 
	"PASSEMPL" VARCHAR2(30 BYTE), 
	"ESTEMPL" CHAR(2 BYTE)
   ) SEGMENT CREATION IMMEDIATE 
  PCTFREE 10 PCTUSED 40 INITRANS 1 MAXTRANS 255 
 NOCOMPRESS LOGGING
  STORAGE(INITIAL 65536 NEXT 1048576 MINEXTENTS 1 MAXEXTENTS 2147483645
  PCTINCREASE 0 FREELISTS 1 FREELIST GROUPS 1
  BUFFER_POOL DEFAULT FLASH_CACHE DEFAULT CELL_FLASH_CACHE DEFAULT)
  TABLESPACE "USERS" ;
REM INSERTING into INVENTARIO.EMPLEADO
SET DEFINE OFF;
Insert into INVENTARIO.EMPLEADO (CODIEMPL,DNIEMPL,APELEMPL,APELMATE,NOMBEMPL,CUENEMPL,PASSEMPL,ESTEMPL) values ('1','09433818','PEÑA','PEÑA','EDGAR','001','12345','1 ');
Insert into INVENTARIO.EMPLEADO (CODIEMPL,DNIEMPL,APELEMPL,APELMATE,NOMBEMPL,CUENEMPL,PASSEMPL,ESTEMPL) values ('2','09436666','ACOSTA','AGUILAR','MOISES','001','12346','1 ');
Insert into INVENTARIO.EMPLEADO (CODIEMPL,DNIEMPL,APELEMPL,APELMATE,NOMBEMPL,CUENEMPL,PASSEMPL,ESTEMPL) values ('3','09436677','OJEDA','PEREZ','CARMEN','003','12343','1 ');
Insert into INVENTARIO.EMPLEADO (CODIEMPL,DNIEMPL,APELEMPL,APELMATE,NOMBEMPL,CUENEMPL,PASSEMPL,ESTEMPL) values ('4','70436677','GARCIA','RAMOS','ANA','004','12344','1 ');
Insert into INVENTARIO.EMPLEADO (CODIEMPL,DNIEMPL,APELEMPL,APELMATE,NOMBEMPL,CUENEMPL,PASSEMPL,ESTEMPL) values ('5','70436555','PORTUGAL','NEYRA','OSCAR','005','12344','1 ');
Insert into INVENTARIO.EMPLEADO (CODIEMPL,DNIEMPL,APELEMPL,APELMATE,NOMBEMPL,CUENEMPL,PASSEMPL,ESTEMPL) values ('6','70499555','VELARDE','CHAVEZ','JESUS','006','12346','1 ');
Insert into INVENTARIO.EMPLEADO (CODIEMPL,DNIEMPL,APELEMPL,APELMATE,NOMBEMPL,CUENEMPL,PASSEMPL,ESTEMPL) values ('7','70669555','RIVERA','CARDENAS','MARTIN','007','12347','1 ');
Insert into INVENTARIO.EMPLEADO (CODIEMPL,DNIEMPL,APELEMPL,APELMATE,NOMBEMPL,CUENEMPL,PASSEMPL,ESTEMPL) values ('8','70669588','ALCANTARA','ROMERO','SUSANA','008','12348','1 ');
Insert into INVENTARIO.EMPLEADO (CODIEMPL,DNIEMPL,APELEMPL,APELMATE,NOMBEMPL,CUENEMPL,PASSEMPL,ESTEMPL) values ('9','73333588','ZURITA','CARO','CARLA','009','12349','1 ');
--------------------------------------------------------
--  DDL for Index PK_EMPLEADO
--------------------------------------------------------

  CREATE UNIQUE INDEX "INVENTARIO"."PK_EMPLEADO" ON "INVENTARIO"."EMPLEADO" ("CODIEMPL") 
  PCTFREE 10 INITRANS 2 MAXTRANS 255 COMPUTE STATISTICS 
  STORAGE(INITIAL 65536 NEXT 1048576 MINEXTENTS 1 MAXEXTENTS 2147483645
  PCTINCREASE 0 FREELISTS 1 FREELIST GROUPS 1
  BUFFER_POOL DEFAULT FLASH_CACHE DEFAULT CELL_FLASH_CACHE DEFAULT)
  TABLESPACE "USERS" ;
--------------------------------------------------------
--  DDL for Index DNIEMPL
--------------------------------------------------------

  CREATE UNIQUE INDEX "INVENTARIO"."DNIEMPL" ON "INVENTARIO"."EMPLEADO" ("DNIEMPL") 
  PCTFREE 10 INITRANS 2 MAXTRANS 255 COMPUTE STATISTICS 
  STORAGE(INITIAL 65536 NEXT 1048576 MINEXTENTS 1 MAXEXTENTS 2147483645
  PCTINCREASE 0 FREELISTS 1 FREELIST GROUPS 1
  BUFFER_POOL DEFAULT FLASH_CACHE DEFAULT CELL_FLASH_CACHE DEFAULT)
  TABLESPACE "USERS" ;
--------------------------------------------------------
--  Constraints for Table EMPLEADO
--------------------------------------------------------

  ALTER TABLE "INVENTARIO"."EMPLEADO" MODIFY ("CODIEMPL" NOT NULL ENABLE);
  ALTER TABLE "INVENTARIO"."EMPLEADO" MODIFY ("DNIEMPL" NOT NULL ENABLE);
  ALTER TABLE "INVENTARIO"."EMPLEADO" MODIFY ("APELEMPL" NOT NULL ENABLE);
  ALTER TABLE "INVENTARIO"."EMPLEADO" MODIFY ("APELMATE" NOT NULL ENABLE);
  ALTER TABLE "INVENTARIO"."EMPLEADO" MODIFY ("NOMBEMPL" NOT NULL ENABLE);
  ALTER TABLE "INVENTARIO"."EMPLEADO" MODIFY ("CUENEMPL" NOT NULL ENABLE);
  ALTER TABLE "INVENTARIO"."EMPLEADO" MODIFY ("ESTEMPL" NOT NULL ENABLE);
  ALTER TABLE "INVENTARIO"."EMPLEADO" ADD CONSTRAINT "PK_EMPLEADO" PRIMARY KEY ("CODIEMPL")
  USING INDEX PCTFREE 10 INITRANS 2 MAXTRANS 255 COMPUTE STATISTICS 
  STORAGE(INITIAL 65536 NEXT 1048576 MINEXTENTS 1 MAXEXTENTS 2147483645
  PCTINCREASE 0 FREELISTS 1 FREELIST GROUPS 1
  BUFFER_POOL DEFAULT FLASH_CACHE DEFAULT CELL_FLASH_CACHE DEFAULT)
  TABLESPACE "USERS"  ENABLE;
  ALTER TABLE "INVENTARIO"."EMPLEADO" ADD CONSTRAINT "DNIEMPL" UNIQUE ("DNIEMPL")
  USING INDEX PCTFREE 10 INITRANS 2 MAXTRANS 255 COMPUTE STATISTICS 
  STORAGE(INITIAL 65536 NEXT 1048576 MINEXTENTS 1 MAXEXTENTS 2147483645
  PCTINCREASE 0 FREELISTS 1 FREELIST GROUPS 1
  BUFFER_POOL DEFAULT FLASH_CACHE DEFAULT CELL_FLASH_CACHE DEFAULT)
  TABLESPACE "USERS"  ENABLE;


--------------------------------------------------------
-- Archivo creado  - domingo-septiembre-15-2019   
--------------------------------------------------------
--------------------------------------------------------
--  DDL for Table OFICINA
--------------------------------------------------------

  CREATE TABLE "INVENTARIO"."OFICINA" 
   (	"CODIOFIC" NUMBER(*,0), 
	"NOMBOFIC" VARCHAR2(50 BYTE), 
	"SEDEOFIC" VARCHAR2(50 BYTE), 
	"PISOOFIC" CHAR(2 BYTE)
   ) SEGMENT CREATION IMMEDIATE 
  PCTFREE 10 PCTUSED 40 INITRANS 1 MAXTRANS 255 
 NOCOMPRESS LOGGING
  STORAGE(INITIAL 65536 NEXT 1048576 MINEXTENTS 1 MAXEXTENTS 2147483645
  PCTINCREASE 0 FREELISTS 1 FREELIST GROUPS 1
  BUFFER_POOL DEFAULT FLASH_CACHE DEFAULT CELL_FLASH_CACHE DEFAULT)
  TABLESPACE "USERS" ;
REM INSERTING into INVENTARIO.OFICINA
SET DEFINE OFF;
Insert into INVENTARIO.OFICINA (CODIOFIC,NOMBOFIC,SEDEOFIC,PISOOFIC) values ('1','INFORMATICA','PALACIO MUNICIPAL','3 ');
Insert into INVENTARIO.OFICINA (CODIOFIC,NOMBOFIC,SEDEOFIC,PISOOFIC) values ('2','PRESUPUESTO','PALACIO MUNICIPAL','3 ');
Insert into INVENTARIO.OFICINA (CODIOFIC,NOMBOFIC,SEDEOFIC,PISOOFIC) values ('3','ALCALDIA','PALACIO MUNICIPAL','2 ');
Insert into INVENTARIO.OFICINA (CODIOFIC,NOMBOFIC,SEDEOFIC,PISOOFIC) values ('4','RENTAS','PALACIO MUNICIPAL','1 ');
Insert into INVENTARIO.OFICINA (CODIOFIC,NOMBOFIC,SEDEOFIC,PISOOFIC) values ('5','TESORERIA','PALACIO MUNICIPAL','4 ');
Insert into INVENTARIO.OFICINA (CODIOFIC,NOMBOFIC,SEDEOFIC,PISOOFIC) values ('6','IMAGEN','PALACIO MUNICIPAL','3 ');
--------------------------------------------------------
--  DDL for Index PK_OFICINA
--------------------------------------------------------

  CREATE UNIQUE INDEX "INVENTARIO"."PK_OFICINA" ON "INVENTARIO"."OFICINA" ("CODIOFIC") 
  PCTFREE 10 INITRANS 2 MAXTRANS 255 COMPUTE STATISTICS 
  STORAGE(INITIAL 65536 NEXT 1048576 MINEXTENTS 1 MAXEXTENTS 2147483645
  PCTINCREASE 0 FREELISTS 1 FREELIST GROUPS 1
  BUFFER_POOL DEFAULT FLASH_CACHE DEFAULT CELL_FLASH_CACHE DEFAULT)
  TABLESPACE "USERS" ;
--------------------------------------------------------
--  Constraints for Table OFICINA
--------------------------------------------------------

  ALTER TABLE "INVENTARIO"."OFICINA" MODIFY ("CODIOFIC" NOT NULL ENABLE);
  ALTER TABLE "INVENTARIO"."OFICINA" MODIFY ("NOMBOFIC" NOT NULL ENABLE);
  ALTER TABLE "INVENTARIO"."OFICINA" MODIFY ("SEDEOFIC" NOT NULL ENABLE);
  ALTER TABLE "INVENTARIO"."OFICINA" ADD CONSTRAINT "PK_OFICINA" PRIMARY KEY ("CODIOFIC")
  USING INDEX PCTFREE 10 INITRANS 2 MAXTRANS 255 COMPUTE STATISTICS 
  STORAGE(INITIAL 65536 NEXT 1048576 MINEXTENTS 1 MAXEXTENTS 2147483645
  PCTINCREASE 0 FREELISTS 1 FREELIST GROUPS 1
  BUFFER_POOL DEFAULT FLASH_CACHE DEFAULT CELL_FLASH_CACHE DEFAULT)
  TABLESPACE "USERS"  ENABLE;


--------------------------------------------------------
-- Archivo creado  - domingo-septiembre-15-2019   
--------------------------------------------------------
--------------------------------------------------------
--  DDL for Table EQUIPO
--------------------------------------------------------

  CREATE TABLE "INVENTARIO"."EQUIPO" 
   (	"CODIEQUI" NUMBER(*,0), 
	"MARCEQUI" VARCHAR2(20 BYTE), 
	"MODEEQUI" VARCHAR2(20 BYTE), 
	"OBSEEQUI" VARCHAR2(50 BYTE), 
	"FECHADQU" VARCHAR2(8 BYTE), 
	"PRECEQUI" NUMBER(10,2), 
	"ESTAEQU" CHAR(2 BYTE)
   ) SEGMENT CREATION IMMEDIATE 
  PCTFREE 10 PCTUSED 40 INITRANS 1 MAXTRANS 255 
 NOCOMPRESS LOGGING
  STORAGE(INITIAL 65536 NEXT 1048576 MINEXTENTS 1 MAXEXTENTS 2147483645
  PCTINCREASE 0 FREELISTS 1 FREELIST GROUPS 1
  BUFFER_POOL DEFAULT FLASH_CACHE DEFAULT CELL_FLASH_CACHE DEFAULT)
  TABLESPACE "USERS" ;
REM INSERTING into INVENTARIO.EQUIPO
SET DEFINE OFF;
Insert into INVENTARIO.EQUIPO (CODIEQUI,MARCEQUI,MODEEQUI,OBSEEQUI,FECHADQU,PRECEQUI,ESTAEQU) values ('1','VASTEC','VASTEC2','HOLA','20190913','1','1 ');
Insert into INVENTARIO.EQUIPO (CODIEQUI,MARCEQUI,MODEEQUI,OBSEEQUI,FECHADQU,PRECEQUI,ESTAEQU) values ('2','VASTEC','S602','NUEVA','20170901','800','1 ');
Insert into INVENTARIO.EQUIPO (CODIEQUI,MARCEQUI,MODEEQUI,OBSEEQUI,FECHADQU,PRECEQUI,ESTAEQU) values ('3','VASTEC','S602','NUEVA','20180901','750,3','1 ');
Insert into INVENTARIO.EQUIPO (CODIEQUI,MARCEQUI,MODEEQUI,OBSEEQUI,FECHADQU,PRECEQUI,ESTAEQU) values ('4','HP','6305','NUEVA','20170301','650,3','1 ');
Insert into INVENTARIO.EQUIPO (CODIEQUI,MARCEQUI,MODEEQUI,OBSEEQUI,FECHADQU,PRECEQUI,ESTAEQU) values ('5','OFFICE','3D','REGULAR','20170515','550,3','1 ');
Insert into INVENTARIO.EQUIPO (CODIEQUI,MARCEQUI,MODEEQUI,OBSEEQUI,FECHADQU,PRECEQUI,ESTAEQU) values ('6','DELL','W6177','REGULAR','20170530','580,3','1 ');
Insert into INVENTARIO.EQUIPO (CODIEQUI,MARCEQUI,MODEEQUI,OBSEEQUI,FECHADQU,PRECEQUI,ESTAEQU) values ('7','LENOVO','W6178','BUENO','20190620','880,3','1 ');
Insert into INVENTARIO.EQUIPO (CODIEQUI,MARCEQUI,MODEEQUI,OBSEEQUI,FECHADQU,PRECEQUI,ESTAEQU) values ('8','SAMSUMG','W622','REGULAR','20190220','980,55','1 ');
Insert into INVENTARIO.EQUIPO (CODIEQUI,MARCEQUI,MODEEQUI,OBSEEQUI,FECHADQU,PRECEQUI,ESTAEQU) values ('10','LENOVO','W633','REGULAR','20170220','480,55','1 ');
Insert into INVENTARIO.EQUIPO (CODIEQUI,MARCEQUI,MODEEQUI,OBSEEQUI,FECHADQU,PRECEQUI,ESTAEQU) values ('9','AOC','W630','BUENO','20180220','780,55','1 ');
--------------------------------------------------------
--  DDL for Index PK_EQUIPO
--------------------------------------------------------

  CREATE UNIQUE INDEX "INVENTARIO"."PK_EQUIPO" ON "INVENTARIO"."EQUIPO" ("CODIEQUI") 
  PCTFREE 10 INITRANS 2 MAXTRANS 255 COMPUTE STATISTICS 
  STORAGE(INITIAL 65536 NEXT 1048576 MINEXTENTS 1 MAXEXTENTS 2147483645
  PCTINCREASE 0 FREELISTS 1 FREELIST GROUPS 1
  BUFFER_POOL DEFAULT FLASH_CACHE DEFAULT CELL_FLASH_CACHE DEFAULT)
  TABLESPACE "USERS" ;
--------------------------------------------------------
--  Constraints for Table EQUIPO
--------------------------------------------------------

  ALTER TABLE "INVENTARIO"."EQUIPO" MODIFY ("CODIEQUI" NOT NULL ENABLE);
  ALTER TABLE "INVENTARIO"."EQUIPO" MODIFY ("ESTAEQU" NOT NULL ENABLE);
  ALTER TABLE "INVENTARIO"."EQUIPO" ADD CONSTRAINT "PK_EQUIPO" PRIMARY KEY ("CODIEQUI")
  USING INDEX PCTFREE 10 INITRANS 2 MAXTRANS 255 COMPUTE STATISTICS 
  STORAGE(INITIAL 65536 NEXT 1048576 MINEXTENTS 1 MAXEXTENTS 2147483645
  PCTINCREASE 0 FREELISTS 1 FREELIST GROUPS 1
  BUFFER_POOL DEFAULT FLASH_CACHE DEFAULT CELL_FLASH_CACHE DEFAULT)
  TABLESPACE "USERS"  ENABLE;

--------------------------------------------------------
-- Archivo creado  - domingo-septiembre-15-2019   
--------------------------------------------------------
--------------------------------------------------------
--  DDL for Table CPU
--------------------------------------------------------

  CREATE TABLE "INVENTARIO"."CPU" 
   (	"CODICPU" NUMBER(*,0), 
	"CODIPATRCPU" CHAR(12 BYTE), 
	"NOMBEQUI" VARCHAR2(30 BYTE), 
	"PROCCPU" VARCHAR2(40 BYTE), 
	"MEMORAM" VARCHAR2(30 BYTE), 
	"DISCDURO" VARCHAR2(30 BYTE), 
	"ESTACPU" CHAR(2 BYTE), 
	"CODIEQUI" NUMBER(*,0)
   ) SEGMENT CREATION IMMEDIATE 
  PCTFREE 10 PCTUSED 40 INITRANS 1 MAXTRANS 255 
 NOCOMPRESS LOGGING
  STORAGE(INITIAL 65536 NEXT 1048576 MINEXTENTS 1 MAXEXTENTS 2147483645
  PCTINCREASE 0 FREELISTS 1 FREELIST GROUPS 1
  BUFFER_POOL DEFAULT FLASH_CACHE DEFAULT CELL_FLASH_CACHE DEFAULT)
  TABLESPACE "USERS" ;
REM INSERTING into INVENTARIO.CPU
SET DEFINE OFF;
Insert into INVENTARIO.CPU (CODICPU,CODIPATRCPU,NOMBEQUI,PROCCPU,MEMORAM,DISCDURO,ESTACPU,CODIEQUI) values ('9','12525       ','HOLA1','HOLA2','16 GB','1 TB','1 ','1');
Insert into INVENTARIO.CPU (CODICPU,CODIPATRCPU,NOMBEQUI,PROCCPU,MEMORAM,DISCDURO,ESTACPU,CODIEQUI) values ('1','10001       ','OTIP1','CORE I3','16 GB','1 TB','1 ','2');
Insert into INVENTARIO.CPU (CODICPU,CODIPATRCPU,NOMBEQUI,PROCCPU,MEMORAM,DISCDURO,ESTACPU,CODIEQUI) values ('2','10002       ','OTIP1','CORE I7','8 GB','1 TB','1 ','3');
Insert into INVENTARIO.CPU (CODICPU,CODIPATRCPU,NOMBEQUI,PROCCPU,MEMORAM,DISCDURO,ESTACPU,CODIEQUI) values ('3','10003       ','OTIP1','CORE I5','4 GB','1 TB','1 ','4');
Insert into INVENTARIO.CPU (CODICPU,CODIPATRCPU,NOMBEQUI,PROCCPU,MEMORAM,DISCDURO,ESTACPU,CODIEQUI) values ('4','10004       ','SGP','CORE I3','4 GB','1 TB','1 ','5');
Insert into INVENTARIO.CPU (CODICPU,CODIPATRCPU,NOMBEQUI,PROCCPU,MEMORAM,DISCDURO,ESTACPU,CODIEQUI) values ('5','10005       ','SGP','CORE I3','4 GB','1 TB','1 ','6');
Insert into INVENTARIO.CPU (CODICPU,CODIPATRCPU,NOMBEQUI,PROCCPU,MEMORAM,DISCDURO,ESTACPU,CODIEQUI) values ('6','10006       ','SGP','CORE I7','4 GB','1 TB','1 ','7');
Insert into INVENTARIO.CPU (CODICPU,CODIPATRCPU,NOMBEQUI,PROCCPU,MEMORAM,DISCDURO,ESTACPU,CODIEQUI) values ('7','10007       ','SGR','CORE I7','4 GB','1 TB','1 ','8');
Insert into INVENTARIO.CPU (CODICPU,CODIPATRCPU,NOMBEQUI,PROCCPU,MEMORAM,DISCDURO,ESTACPU,CODIEQUI) values ('8','10008       ','SGR','CORE I7','4 GB','1 TB','1 ','9');
--------------------------------------------------------
--  DDL for Index PK_CPU
--------------------------------------------------------

  CREATE UNIQUE INDEX "INVENTARIO"."PK_CPU" ON "INVENTARIO"."CPU" ("CODICPU", "CODIEQUI") 
  PCTFREE 10 INITRANS 2 MAXTRANS 255 COMPUTE STATISTICS 
  STORAGE(INITIAL 65536 NEXT 1048576 MINEXTENTS 1 MAXEXTENTS 2147483645
  PCTINCREASE 0 FREELISTS 1 FREELIST GROUPS 1
  BUFFER_POOL DEFAULT FLASH_CACHE DEFAULT CELL_FLASH_CACHE DEFAULT)
  TABLESPACE "USERS" ;
--------------------------------------------------------
--  DDL for Index CODIPATRCPU
--------------------------------------------------------

  CREATE UNIQUE INDEX "INVENTARIO"."CODIPATRCPU" ON "INVENTARIO"."CPU" ("CODIPATRCPU") 
  PCTFREE 10 INITRANS 2 MAXTRANS 255 COMPUTE STATISTICS 
  STORAGE(INITIAL 65536 NEXT 1048576 MINEXTENTS 1 MAXEXTENTS 2147483645
  PCTINCREASE 0 FREELISTS 1 FREELIST GROUPS 1
  BUFFER_POOL DEFAULT FLASH_CACHE DEFAULT CELL_FLASH_CACHE DEFAULT)
  TABLESPACE "USERS" ;
--------------------------------------------------------
--  Constraints for Table CPU
--------------------------------------------------------

  ALTER TABLE "INVENTARIO"."CPU" MODIFY ("CODICPU" NOT NULL ENABLE);
  ALTER TABLE "INVENTARIO"."CPU" MODIFY ("CODIPATRCPU" NOT NULL ENABLE);
  ALTER TABLE "INVENTARIO"."CPU" MODIFY ("ESTACPU" NOT NULL ENABLE);
  ALTER TABLE "INVENTARIO"."CPU" MODIFY ("CODIEQUI" NOT NULL ENABLE);
  ALTER TABLE "INVENTARIO"."CPU" ADD CONSTRAINT "PK_CPU" PRIMARY KEY ("CODICPU", "CODIEQUI")
  USING INDEX PCTFREE 10 INITRANS 2 MAXTRANS 255 COMPUTE STATISTICS 
  STORAGE(INITIAL 65536 NEXT 1048576 MINEXTENTS 1 MAXEXTENTS 2147483645
  PCTINCREASE 0 FREELISTS 1 FREELIST GROUPS 1
  BUFFER_POOL DEFAULT FLASH_CACHE DEFAULT CELL_FLASH_CACHE DEFAULT)
  TABLESPACE "USERS"  ENABLE;
  ALTER TABLE "INVENTARIO"."CPU" ADD CONSTRAINT "CODIPATRCPU" UNIQUE ("CODIPATRCPU")
  USING INDEX PCTFREE 10 INITRANS 2 MAXTRANS 255 COMPUTE STATISTICS 
  STORAGE(INITIAL 65536 NEXT 1048576 MINEXTENTS 1 MAXEXTENTS 2147483645
  PCTINCREASE 0 FREELISTS 1 FREELIST GROUPS 1
  BUFFER_POOL DEFAULT FLASH_CACHE DEFAULT CELL_FLASH_CACHE DEFAULT)
  TABLESPACE "USERS"  ENABLE;


--------------------------------------------------------
-- Archivo creado  - domingo-septiembre-15-2019   
--------------------------------------------------------
--------------------------------------------------------
--  DDL for Table MONITOR
--------------------------------------------------------

  CREATE TABLE "INVENTARIO"."MONITOR" 
   (	"CODIMONI" NUMBER(*,0), 
	"CODIPATRMONI" CHAR(12 BYTE), 
	"PULGMONI" VARCHAR2(3 BYTE), 
	"PUERTOS" VARCHAR2(30 BYTE), 
	"ANIOFABI" VARCHAR2(8 BYTE), 
	"ESTAMONI" CHAR(2 BYTE), 
	"CODIEQUI" NUMBER(*,0)
   ) SEGMENT CREATION IMMEDIATE 
  PCTFREE 10 PCTUSED 40 INITRANS 1 MAXTRANS 255 
 NOCOMPRESS LOGGING
  STORAGE(INITIAL 65536 NEXT 1048576 MINEXTENTS 1 MAXEXTENTS 2147483645
  PCTINCREASE 0 FREELISTS 1 FREELIST GROUPS 1
  BUFFER_POOL DEFAULT FLASH_CACHE DEFAULT CELL_FLASH_CACHE DEFAULT)
  TABLESPACE "USERS" ;
REM INSERTING into INVENTARIO.MONITOR
SET DEFINE OFF;
Insert into INVENTARIO.MONITOR (CODIMONI,CODIPATRMONI,PULGMONI,PUERTOS,ANIOFABI,ESTAMONI,CODIEQUI) values ('1','10021       ','15','1525','2017','1 ','1');
Insert into INVENTARIO.MONITOR (CODIMONI,CODIPATRMONI,PULGMONI,PUERTOS,ANIOFABI,ESTAMONI,CODIEQUI) values ('2','10022       ','32','1522','2018','1 ','2');
Insert into INVENTARIO.MONITOR (CODIMONI,CODIPATRMONI,PULGMONI,PUERTOS,ANIOFABI,ESTAMONI,CODIEQUI) values ('3','10023       ','32','1523','2018','1 ','3');
Insert into INVENTARIO.MONITOR (CODIMONI,CODIPATRMONI,PULGMONI,PUERTOS,ANIOFABI,ESTAMONI,CODIEQUI) values ('4','10024       ','32','1524','2016','1 ','4');
Insert into INVENTARIO.MONITOR (CODIMONI,CODIPATRMONI,PULGMONI,PUERTOS,ANIOFABI,ESTAMONI,CODIEQUI) values ('5','10025       ','32','15255','2015','1 ','5');
Insert into INVENTARIO.MONITOR (CODIMONI,CODIPATRMONI,PULGMONI,PUERTOS,ANIOFABI,ESTAMONI,CODIEQUI) values ('6','10026       ','32','15256','2015','1 ','6');
Insert into INVENTARIO.MONITOR (CODIMONI,CODIPATRMONI,PULGMONI,PUERTOS,ANIOFABI,ESTAMONI,CODIEQUI) values ('7','10027       ','32','1527','2015','1 ','7');
Insert into INVENTARIO.MONITOR (CODIMONI,CODIPATRMONI,PULGMONI,PUERTOS,ANIOFABI,ESTAMONI,CODIEQUI) values ('8','10028       ','32','1528','2018','1 ','8');
Insert into INVENTARIO.MONITOR (CODIMONI,CODIPATRMONI,PULGMONI,PUERTOS,ANIOFABI,ESTAMONI,CODIEQUI) values ('9','10029       ','32','1529','2018','1 ','9');
--------------------------------------------------------
--  DDL for Index PK_MONITOR
--------------------------------------------------------

  CREATE UNIQUE INDEX "INVENTARIO"."PK_MONITOR" ON "INVENTARIO"."MONITOR" ("CODIMONI", "CODIEQUI") 
  PCTFREE 10 INITRANS 2 MAXTRANS 255 COMPUTE STATISTICS 
  STORAGE(INITIAL 65536 NEXT 1048576 MINEXTENTS 1 MAXEXTENTS 2147483645
  PCTINCREASE 0 FREELISTS 1 FREELIST GROUPS 1
  BUFFER_POOL DEFAULT FLASH_CACHE DEFAULT CELL_FLASH_CACHE DEFAULT)
  TABLESPACE "USERS" ;
--------------------------------------------------------
--  DDL for Index CODIPATRMONI
--------------------------------------------------------

  CREATE UNIQUE INDEX "INVENTARIO"."CODIPATRMONI" ON "INVENTARIO"."MONITOR" ("CODIPATRMONI") 
  PCTFREE 10 INITRANS 2 MAXTRANS 255 COMPUTE STATISTICS 
  STORAGE(INITIAL 65536 NEXT 1048576 MINEXTENTS 1 MAXEXTENTS 2147483645
  PCTINCREASE 0 FREELISTS 1 FREELIST GROUPS 1
  BUFFER_POOL DEFAULT FLASH_CACHE DEFAULT CELL_FLASH_CACHE DEFAULT)
  TABLESPACE "USERS" ;
--------------------------------------------------------
--  Constraints for Table MONITOR
--------------------------------------------------------

  ALTER TABLE "INVENTARIO"."MONITOR" MODIFY ("CODIMONI" NOT NULL ENABLE);
  ALTER TABLE "INVENTARIO"."MONITOR" MODIFY ("CODIPATRMONI" NOT NULL ENABLE);
  ALTER TABLE "INVENTARIO"."MONITOR" MODIFY ("PULGMONI" NOT NULL ENABLE);
  ALTER TABLE "INVENTARIO"."MONITOR" MODIFY ("PUERTOS" NOT NULL ENABLE);
  ALTER TABLE "INVENTARIO"."MONITOR" MODIFY ("ESTAMONI" NOT NULL ENABLE);
  ALTER TABLE "INVENTARIO"."MONITOR" MODIFY ("CODIEQUI" NOT NULL ENABLE);
  ALTER TABLE "INVENTARIO"."MONITOR" ADD CONSTRAINT "PK_MONITOR" PRIMARY KEY ("CODIMONI", "CODIEQUI")
  USING INDEX PCTFREE 10 INITRANS 2 MAXTRANS 255 COMPUTE STATISTICS 
  STORAGE(INITIAL 65536 NEXT 1048576 MINEXTENTS 1 MAXEXTENTS 2147483645
  PCTINCREASE 0 FREELISTS 1 FREELIST GROUPS 1
  BUFFER_POOL DEFAULT FLASH_CACHE DEFAULT CELL_FLASH_CACHE DEFAULT)
  TABLESPACE "USERS"  ENABLE;
  ALTER TABLE "INVENTARIO"."MONITOR" ADD CONSTRAINT "CODIPATRMONI" UNIQUE ("CODIPATRMONI")
  USING INDEX PCTFREE 10 INITRANS 2 MAXTRANS 255 COMPUTE STATISTICS 
  STORAGE(INITIAL 65536 NEXT 1048576 MINEXTENTS 1 MAXEXTENTS 2147483645
  PCTINCREASE 0 FREELISTS 1 FREELIST GROUPS 1
  BUFFER_POOL DEFAULT FLASH_CACHE DEFAULT CELL_FLASH_CACHE DEFAULT)
  TABLESPACE "USERS"  ENABLE;

--------------------------------------------------------
-- Archivo creado  - domingo-septiembre-15-2019   
--------------------------------------------------------
--------------------------------------------------------
--  DDL for Table TECLADO
--------------------------------------------------------

  CREATE TABLE "INVENTARIO"."TECLADO" 
   (	"CODITECL" NUMBER(*,0), 
	"CODIPATRTECL" CHAR(12 BYTE), 
	"CONETECL" CHAR(2 BYTE), 
	"ESTTECL" CHAR(2 BYTE), 
	"CODIEQUI" NUMBER(*,0)
   ) SEGMENT CREATION IMMEDIATE 
  PCTFREE 10 PCTUSED 40 INITRANS 1 MAXTRANS 255 
 NOCOMPRESS LOGGING
  STORAGE(INITIAL 65536 NEXT 1048576 MINEXTENTS 1 MAXEXTENTS 2147483645
  PCTINCREASE 0 FREELISTS 1 FREELIST GROUPS 1
  BUFFER_POOL DEFAULT FLASH_CACHE DEFAULT CELL_FLASH_CACHE DEFAULT)
  TABLESPACE "USERS" ;
REM INSERTING into INVENTARIO.TECLADO
SET DEFINE OFF;
Insert into INVENTARIO.TECLADO (CODITECL,CODIPATRTECL,CONETECL,ESTTECL,CODIEQUI) values ('1','10001       ','US','VA','1');
Insert into INVENTARIO.TECLADO (CODITECL,CODIPATRTECL,CONETECL,ESTTECL,CODIEQUI) values ('2','10012       ','US','VA','2');
Insert into INVENTARIO.TECLADO (CODITECL,CODIPATRTECL,CONETECL,ESTTECL,CODIEQUI) values ('3','10013       ','US','VA','3');
Insert into INVENTARIO.TECLADO (CODITECL,CODIPATRTECL,CONETECL,ESTTECL,CODIEQUI) values ('4','10014       ','US','VA','4');
Insert into INVENTARIO.TECLADO (CODITECL,CODIPATRTECL,CONETECL,ESTTECL,CODIEQUI) values ('5','10015       ','US','VA','5');
Insert into INVENTARIO.TECLADO (CODITECL,CODIPATRTECL,CONETECL,ESTTECL,CODIEQUI) values ('6','10016       ','US','VA','6');
Insert into INVENTARIO.TECLADO (CODITECL,CODIPATRTECL,CONETECL,ESTTECL,CODIEQUI) values ('7','10017       ','US','VA','7');
Insert into INVENTARIO.TECLADO (CODITECL,CODIPATRTECL,CONETECL,ESTTECL,CODIEQUI) values ('8','10018       ','US','VA','8');
Insert into INVENTARIO.TECLADO (CODITECL,CODIPATRTECL,CONETECL,ESTTECL,CODIEQUI) values ('9','10019       ','US','VA','9');
--------------------------------------------------------
--  DDL for Index PK_TECLADO
--------------------------------------------------------

  CREATE UNIQUE INDEX "INVENTARIO"."PK_TECLADO" ON "INVENTARIO"."TECLADO" ("CODITECL", "CODIEQUI") 
  PCTFREE 10 INITRANS 2 MAXTRANS 255 COMPUTE STATISTICS 
  STORAGE(INITIAL 65536 NEXT 1048576 MINEXTENTS 1 MAXEXTENTS 2147483645
  PCTINCREASE 0 FREELISTS 1 FREELIST GROUPS 1
  BUFFER_POOL DEFAULT FLASH_CACHE DEFAULT CELL_FLASH_CACHE DEFAULT)
  TABLESPACE "USERS" ;
--------------------------------------------------------
--  DDL for Index CODIPATRTECL
--------------------------------------------------------

  CREATE UNIQUE INDEX "INVENTARIO"."CODIPATRTECL" ON "INVENTARIO"."TECLADO" ("CODIPATRTECL") 
  PCTFREE 10 INITRANS 2 MAXTRANS 255 COMPUTE STATISTICS 
  STORAGE(INITIAL 65536 NEXT 1048576 MINEXTENTS 1 MAXEXTENTS 2147483645
  PCTINCREASE 0 FREELISTS 1 FREELIST GROUPS 1
  BUFFER_POOL DEFAULT FLASH_CACHE DEFAULT CELL_FLASH_CACHE DEFAULT)
  TABLESPACE "USERS" ;
--------------------------------------------------------
--  Constraints for Table TECLADO
--------------------------------------------------------

  ALTER TABLE "INVENTARIO"."TECLADO" MODIFY ("CODITECL" NOT NULL ENABLE);
  ALTER TABLE "INVENTARIO"."TECLADO" MODIFY ("CODIPATRTECL" NOT NULL ENABLE);
  ALTER TABLE "INVENTARIO"."TECLADO" MODIFY ("CONETECL" NOT NULL ENABLE);
  ALTER TABLE "INVENTARIO"."TECLADO" MODIFY ("ESTTECL" NOT NULL ENABLE);
  ALTER TABLE "INVENTARIO"."TECLADO" MODIFY ("CODIEQUI" NOT NULL ENABLE);
  ALTER TABLE "INVENTARIO"."TECLADO" ADD CONSTRAINT "PK_TECLADO" PRIMARY KEY ("CODITECL", "CODIEQUI")
  USING INDEX PCTFREE 10 INITRANS 2 MAXTRANS 255 COMPUTE STATISTICS 
  STORAGE(INITIAL 65536 NEXT 1048576 MINEXTENTS 1 MAXEXTENTS 2147483645
  PCTINCREASE 0 FREELISTS 1 FREELIST GROUPS 1
  BUFFER_POOL DEFAULT FLASH_CACHE DEFAULT CELL_FLASH_CACHE DEFAULT)
  TABLESPACE "USERS"  ENABLE;
  ALTER TABLE "INVENTARIO"."TECLADO" ADD CONSTRAINT "CODIPATRTECL" UNIQUE ("CODIPATRTECL")
  USING INDEX PCTFREE 10 INITRANS 2 MAXTRANS 255 COMPUTE STATISTICS 
  STORAGE(INITIAL 65536 NEXT 1048576 MINEXTENTS 1 MAXEXTENTS 2147483645
  PCTINCREASE 0 FREELISTS 1 FREELIST GROUPS 1
  BUFFER_POOL DEFAULT FLASH_CACHE DEFAULT CELL_FLASH_CACHE DEFAULT)
  TABLESPACE "USERS"  ENABLE;

--------------------------------------------------------
-- Archivo creado  - domingo-septiembre-15-2019   
--------------------------------------------------------
--------------------------------------------------------
--  DDL for Table MOVIMIENTO
--------------------------------------------------------

  CREATE TABLE "INVENTARIO"."MOVIMIENTO" 
   (	"CODIMOVI" NUMBER(*,0), 
	"TIPOMOVI" CHAR(2 BYTE), 
	"FECHMOVI" VARCHAR2(8 BYTE), 
	"CODIOFICORIG" NUMBER(*,0), 
	"CODIOFICDEST" NUMBER(*,0), 
	"OBSEUBIC" VARCHAR2(30 BYTE), 
	"ESTAMOVI" CHAR(2 BYTE), 
	"CODIEQUI" NUMBER(*,0), 
	"CODIEMPL" NUMBER(*,0)
   ) SEGMENT CREATION IMMEDIATE 
  PCTFREE 10 PCTUSED 40 INITRANS 1 MAXTRANS 255 
 NOCOMPRESS LOGGING
  STORAGE(INITIAL 65536 NEXT 1048576 MINEXTENTS 1 MAXEXTENTS 2147483645
  PCTINCREASE 0 FREELISTS 1 FREELIST GROUPS 1
  BUFFER_POOL DEFAULT FLASH_CACHE DEFAULT CELL_FLASH_CACHE DEFAULT)
  TABLESPACE "USERS" ;
REM INSERTING into INVENTARIO.MOVIMIENTO
SET DEFINE OFF;
Insert into INVENTARIO.MOVIMIENTO (CODIMOVI,TIPOMOVI,FECHMOVI,CODIOFICORIG,CODIOFICDEST,OBSEUBIC,ESTAMOVI,CODIEQUI,CODIEMPL) values ('1','B ','20190401','1','1','TRASLADO','1 ','1','1');
Insert into INVENTARIO.MOVIMIENTO (CODIMOVI,TIPOMOVI,FECHMOVI,CODIOFICORIG,CODIOFICDEST,OBSEUBIC,ESTAMOVI,CODIEQUI,CODIEMPL) values ('2','B ','20190402','2','2','TRASLADO','1 ','2','2');
Insert into INVENTARIO.MOVIMIENTO (CODIMOVI,TIPOMOVI,FECHMOVI,CODIOFICORIG,CODIOFICDEST,OBSEUBIC,ESTAMOVI,CODIEQUI,CODIEMPL) values ('3','B ','20190802','3','3','TRASLADO','1 ','3','3');
Insert into INVENTARIO.MOVIMIENTO (CODIMOVI,TIPOMOVI,FECHMOVI,CODIOFICORIG,CODIOFICDEST,OBSEUBIC,ESTAMOVI,CODIEQUI,CODIEMPL) values ('4','B ','20190802','4','4','TRASLADO','1 ','4','4');
Insert into INVENTARIO.MOVIMIENTO (CODIMOVI,TIPOMOVI,FECHMOVI,CODIOFICORIG,CODIOFICDEST,OBSEUBIC,ESTAMOVI,CODIEQUI,CODIEMPL) values ('5','B ','20191002','5','5','TRASLADO','1 ','5','5');
Insert into INVENTARIO.MOVIMIENTO (CODIMOVI,TIPOMOVI,FECHMOVI,CODIOFICORIG,CODIOFICDEST,OBSEUBIC,ESTAMOVI,CODIEQUI,CODIEMPL) values ('6','B ','20191010','1','1','TRASLADO','1 ','6','6');
Insert into INVENTARIO.MOVIMIENTO (CODIMOVI,TIPOMOVI,FECHMOVI,CODIOFICORIG,CODIOFICDEST,OBSEUBIC,ESTAMOVI,CODIEQUI,CODIEMPL) values ('7','B ','20191012','2','2','TRASLADO','1 ','7','7');
Insert into INVENTARIO.MOVIMIENTO (CODIMOVI,TIPOMOVI,FECHMOVI,CODIOFICORIG,CODIOFICDEST,OBSEUBIC,ESTAMOVI,CODIEQUI,CODIEMPL) values ('8','B ','20191112','3','3','TRASLADO','1 ','8','8');
Insert into INVENTARIO.MOVIMIENTO (CODIMOVI,TIPOMOVI,FECHMOVI,CODIOFICORIG,CODIOFICDEST,OBSEUBIC,ESTAMOVI,CODIEQUI,CODIEMPL) values ('9','B ','20191212','4','4','TRASLADO','1 ','9','9');
--------------------------------------------------------
--  DDL for Index PK_MOVIMIENTO
--------------------------------------------------------

  CREATE UNIQUE INDEX "INVENTARIO"."PK_MOVIMIENTO" ON "INVENTARIO"."MOVIMIENTO" ("CODIMOVI", "CODIEQUI", "CODIEMPL", "CODIOFICORIG", "CODIOFICDEST") 
  PCTFREE 10 INITRANS 2 MAXTRANS 255 COMPUTE STATISTICS 
  STORAGE(INITIAL 65536 NEXT 1048576 MINEXTENTS 1 MAXEXTENTS 2147483645
  PCTINCREASE 0 FREELISTS 1 FREELIST GROUPS 1
  BUFFER_POOL DEFAULT FLASH_CACHE DEFAULT CELL_FLASH_CACHE DEFAULT)
  TABLESPACE "USERS" ;
--------------------------------------------------------
--  Constraints for Table MOVIMIENTO
--------------------------------------------------------

  ALTER TABLE "INVENTARIO"."MOVIMIENTO" MODIFY ("CODIMOVI" NOT NULL ENABLE);
  ALTER TABLE "INVENTARIO"."MOVIMIENTO" MODIFY ("TIPOMOVI" NOT NULL ENABLE);
  ALTER TABLE "INVENTARIO"."MOVIMIENTO" MODIFY ("FECHMOVI" NOT NULL ENABLE);
  ALTER TABLE "INVENTARIO"."MOVIMIENTO" MODIFY ("CODIOFICORIG" NOT NULL ENABLE);
  ALTER TABLE "INVENTARIO"."MOVIMIENTO" MODIFY ("CODIOFICDEST" NOT NULL ENABLE);
  ALTER TABLE "INVENTARIO"."MOVIMIENTO" MODIFY ("ESTAMOVI" NOT NULL ENABLE);
  ALTER TABLE "INVENTARIO"."MOVIMIENTO" MODIFY ("CODIEQUI" NOT NULL ENABLE);
  ALTER TABLE "INVENTARIO"."MOVIMIENTO" MODIFY ("CODIEMPL" NOT NULL ENABLE);
  ALTER TABLE "INVENTARIO"."MOVIMIENTO" ADD CONSTRAINT "PK_MOVIMIENTO" PRIMARY KEY ("CODIMOVI", "CODIEQUI", "CODIEMPL", "CODIOFICORIG", "CODIOFICDEST")
  USING INDEX PCTFREE 10 INITRANS 2 MAXTRANS 255 COMPUTE STATISTICS 
  STORAGE(INITIAL 65536 NEXT 1048576 MINEXTENTS 1 MAXEXTENTS 2147483645
  PCTINCREASE 0 FREELISTS 1 FREELIST GROUPS 1
  BUFFER_POOL DEFAULT FLASH_CACHE DEFAULT CELL_FLASH_CACHE DEFAULT)
  TABLESPACE "USERS"  ENABLE;
